Sl No.,Mrd No.,Patient Name,Gender,Age,Contact No ,Bed No ,Requesting Doctor,Department,Surgery,Special request 
1,248101,Akanksha Wadhwa,Female,29Y,,,Deepti  Sharma,Obstetrics and Gynaecology Surgery,Caesarian Section LSCS[package],
2,147190,KRIDEY DUBEY,Male,7Y,,,Nitin  Jain,Paediatric Surgery,Inguinal Hernia Repair  Open Unilateral (Pead.),
3,284438,NAMAN AGARWAL,Male,31Y,,,Priyadarshi  Amit,Orthopaedics,Arthroscopic Bankart Repair,
4,284438,NAMAN AGARWAL,Male,31Y,,,Priyadarshi  Amit,Orthopaedics,Arthroscopic Remplissage,
5,286622,MALA KUMARI,Female,24Y,,,Jayadatta Gurudatta Pawar,General Surgery,Excision of Super Soft Tissue Mass,
6,261326,Pooja Singh,Female,35Y,,,Namrata  Seth,Obstetrics and Gynaecology Surgery,Caesarian Section LSCS[package],
7,279434,MRS PUSHPA,Female,29Y,,,Pooja  Goel,Obstetrics and Gynaecology Surgery,Caesarian Section LSCS[package],
8,133114,SADHANA CHATURVEDI,Female,72Y,,,Pooja  Goel,Obstetrics and Gynaecology Surgery,Hysteroscopic Endometrial Biopsy,
9,280820,Manisha Brar,Female,34Y,,,Anil Kumar Murarka,Plastic-Reconstructive Surgery,Excision- Large,
